{
  "split": "test",
  "n": 25250,
  "accuracy": 0.8704950495049505,
  "top5_accuracy": 0.975049504950495
}